{"cameraMode":{"drawMode":0,"name":"Shaded","section":"Shading Mode"},"sceneLighting":true,"audioPlay":false,"sceneViewState":{"showFog":true,"showMaterialUpdate":false,"showSkybox":true,"showFlares":true,"showImageEffects":true,"showParticleSystems":true},"in2DMode":false,"pivot":{"x":20.412748336791993,"y":2.332179307937622,"z":32.038360595703128},"rotation":{"x":0.01498046051710844,"y":-0.05037159100174904,"z":0.0007556217606179416,"w":0.998617947101593},"size":32.29216003417969,"orthographic":false}